1,64x64,c,throughput,0,4096,20643128,516029,2798714744
1,64x64,c,throughput,1,4096,20552048,513748,2798714744
1,64x64,c,throughput,2,4096,20459966,511439,2798714744
1,64x64,c,throughput,3,4096,20516887,512896,2798714744
1,64x64,c,throughput,4,4096,20281926,507002,2798714744
1,64x64,c,throughput,5,4096,20366406,509103,2798714744
1,64x64,c,throughput,6,4096,20386566,509642,2798714744
1,64x64,c,throughput,7,4096,20661609,516480,2798714744
1,64x64,c,throughput,8,4096,20766968,519106,2798714744
1,64x64,c,throughput,9,4096,20774289,519305,2798714744
1,64x64,c,throughput,10,4096,21362013,533966,2798714744
1,64x64,c,throughput,11,4096,20318526,507900,2798714744
1,64x64,c,throughput,12,4096,20377806,509399,2798714744
1,64x64,c,throughput,13,4096,20435247,510820,2798714744
1,64x64,c,throughput,14,4096,20841409,520973,2798714744
1,64x64,c,throughput,15,4096,21068411,526643,2798714744
1,64x64,c,throughput,16,4096,20985170,524566,2798714744
1,64x64,c,throughput,17,4096,21266412,531587,2798714744
1,64x64,c,throughput,18,4096,20985410,524569,2798714744
1,64x64,c,throughput,19,4096,21180891,529466,2798714744
1,64x64,c,throughput,20,4096,20572768,514255,2798714744
1,64x64,c,throughput,21,4096,20590688,514366,2798714744
1,64x64,c,throughput,22,4096,21518373,537907,2798714744
1,64x64,c,throughput,23,4096,20819289,520430,2798714744
1,64x64,c,throughput,24,4096,20362646,509027,2798714744
1,64x64,c,throughput,25,4096,20777088,519406,2798714744
1,64x64,c,throughput,26,4096,21001491,524976,2798714744
1,64x64,c,throughput,27,4096,20880649,521976,2798714744
1,64x64,c,throughput,28,4096,20425727,510583,2798714744
1,64x64,c,throughput,29,4096,21314372,532804,2798714744
2,64x64,c,throughput,0,4096,20815889,520341,2798714744
2,64x64,c,throughput,1,4096,21170972,529218,2798714744
2,64x64,c,throughput,2,4096,20982130,524480,2798714744
2,64x64,c,throughput,3,4096,20775689,519321,2798714744
2,64x64,c,throughput,4,4096,21041770,525987,2798714744
2,64x64,c,throughput,5,4096,20839249,520911,2798714744
2,64x64,c,throughput,6,4096,20617048,515371,2798714744
2,64x64,c,throughput,7,4096,20380487,509474,2798714744
2,64x64,c,throughput,8,4096,20474727,511800,2798714744
2,64x64,c,throughput,9,4096,21958536,548910,2798714744
2,64x64,c,throughput,10,4096,20973650,524289,2798714744
2,64x64,c,throughput,11,4096,20825009,520568,2798714744
2,64x64,c,throughput,12,4096,20552888,513760,2798714744
2,64x64,c,throughput,13,4096,20768488,519154,2798714744
2,64x64,c,throughput,14,4096,20934130,523296,2798714744
2,64x64,c,throughput,15,4096,20828289,520660,2798714744
2,64x64,c,throughput,16,4096,20622248,515520,2798714744
2,64x64,c,throughput,17,4096,20856570,521376,2798714744
2,64x64,c,throughput,18,4096,22410539,560182,2798714744
2,64x64,c,throughput,19,4096,22002216,549988,2798714744
2,64x64,c,throughput,20,4096,21022171,525486,2798714744
2,64x64,c,throughput,21,4096,20846289,521121,2798714744
2,64x64,c,throughput,22,4096,21078131,526911,2798714744
2,64x64,c,throughput,23,4096,21127651,528122,2798714744
2,64x64,c,throughput,24,4096,21230971,530703,2798714744
2,64x64,c,throughput,25,4096,21198692,529892,2798714744
2,64x64,c,throughput,26,4096,20913770,522776,2798714744
2,64x64,c,throughput,27,4096,20817249,520389,2798714744
2,64x64,c,throughput,28,4096,21922096,547995,2798714744
2,64x64,c,throughput,29,4096,20882129,521992,2798714744
3,64x64,c,throughput,0,4096,20942210,523477,2798714744
3,64x64,c,throughput,1,4096,20696368,517359,2798714744
3,64x64,c,throughput,2,4096,20868010,521642,2798714744
3,64x64,c,throughput,3,4096,20978850,524435,2798714744
3,64x64,c,throughput,4,4096,20794289,519803,2798714744
3,64x64,c,throughput,5,4096,20824089,520553,2798714744
3,64x64,c,throughput,6,4096,21018130,525392,2798714744
3,64x64,c,throughput,7,4096,21247972,531145,2798714744
3,64x64,c,throughput,8,4096,21936856,548362,2798714744
3,64x64,c,throughput,9,4096,20707049,517636,2798714744
3,64x64,c,throughput,10,4096,20546287,513596,2798714744
3,64x64,c,throughput,11,4096,20893130,522273,2798714744
3,64x64,c,throughput,12,4096,21186971,529619,2798714744
3,64x64,c,throughput,13,4096,20891570,522249,2798714744
3,64x64,c,throughput,14,4096,20901729,522482,2798714744
3,64x64,c,throughput,15,4096,23342945,583524,2798714744
3,64x64,c,throughput,16,4096,20950130,523695,2798714744
3,64x64,c,throughput,17,4096,21737295,543384,2798714744
3,64x64,c,throughput,18,4096,20431287,510736,2798714744
3,64x64,c,throughput,19,4096,20330966,508227,2798714744
3,64x64,c,throughput,20,4096,20508247,512637,2798714744
3,64x64,c,throughput,21,4096,20480527,511972,2798714744
3,64x64,c,throughput,22,4096,20591968,514751,2798714744
3,64x64,c,throughput,23,4096,20429686,510693,2798714744
3,64x64,c,throughput,24,4096,20560688,513966,2798714744
3,64x64,c,throughput,25,4096,20382206,509513,2798714744
3,64x64,c,throughput,26,4096,20798409,519902,2798714744
3,64x64,c,throughput,27,4096,21787255,544624,2798714744
3,64x64,c,throughput,28,4096,20981851,524481,2798714744
3,64x64,c,throughput,29,4096,20956209,523829,2798714744
4,64x64,c,throughput,0,4096,21173211,529262,2798714744
4,64x64,c,throughput,1,4096,20907970,522645,2798714744
4,64x64,c,throughput,2,4096,20591247,514742,2798714744
4,64x64,c,throughput,3,4096,20747449,518616,2798714744
4,64x64,c,throughput,4,4096,24558552,613903,2798714744
4,64x64,c,throughput,5,4096,21101931,527484,2798714744
4,64x64,c,throughput,6,4096,26691766,667247,2798714744
4,64x64,c,throughput,7,4096,21054170,526310,2798714744
4,64x64,c,throughput,8,4096,20943130,523536,2798714744
4,64x64,c,throughput,9,4096,20992530,524741,2798714744
4,64x64,c,throughput,10,4096,20990091,524698,2798714744
4,64x64,c,throughput,11,4096,20703128,517513,2798714744
4,64x64,c,throughput,12,4096,20582848,514514,2798714744
4,64x64,c,throughput,13,4096,20530207,513192,2798714744
4,64x64,c,throughput,14,4096,20798129,519878,2798714744
4,64x64,c,throughput,15,4096,21040051,525947,2798714744
4,64x64,c,throughput,16,4096,21432092,535734,2798714744
4,64x64,c,throughput,17,4096,20386007,509606,2798714744
4,64x64,c,throughput,18,4096,20749489,518682,2798714744
4,64x64,c,throughput,19,4096,20920729,522946,2798714744
4,64x64,c,throughput,20,4096,20489007,512182,2798714744
4,64x64,c,throughput,21,4096,20511007,512697,2798714744
4,64x64,c,throughput,22,4096,20589847,514691,2798714744
4,64x64,c,throughput,23,4096,20802449,519998,2798714744
4,64x64,c,throughput,24,4096,20748768,518656,2798714744
4,64x64,c,throughput,25,4096,20375087,509332,2798714744
4,64x64,c,throughput,26,4096,22058096,551373,2798714744
4,64x64,c,throughput,27,4096,20908330,522657,2798714744
4,64x64,c,throughput,28,4096,21243772,531034,2798714744
4,64x64,c,throughput,29,4096,21459693,536429,2798714744
5,64x64,c,throughput,0,4096,20854769,521296,2798714744
5,64x64,c,throughput,1,4096,21147291,528626,2798714744
5,64x64,c,throughput,2,4096,21134691,528308,2798714744
5,64x64,c,throughput,3,4096,20715609,517853,2798714744
5,64x64,c,throughput,4,4096,20565487,514091,2798714744
5,64x64,c,throughput,5,4096,21555334,538824,2798714744
5,64x64,c,throughput,6,4096,20695048,517311,2798714744
5,64x64,c,throughput,7,4096,20539847,513429,2798714744
5,64x64,c,throughput,8,4096,20449767,511206,2798714744
5,64x64,c,throughput,9,4096,20363126,509021,2798714744
5,64x64,c,throughput,10,4096,20442967,511007,2798714744
5,64x64,c,throughput,11,4096,20773409,519292,2798714744
5,64x64,c,throughput,12,4096,20515527,512826,2798714744
5,64x64,c,throughput,13,4096,20314166,507798,2798714744
5,64x64,c,throughput,14,4096,20279086,506920,2798714744
5,64x64,c,throughput,15,4096,21436093,535852,2798714744
5,64x64,c,throughput,16,4096,21340772,533474,2798714744
5,64x64,c,throughput,17,4096,20820769,520474,2798714744
5,64x64,c,throughput,18,4096,20646368,516101,2798714744
5,64x64,c,throughput,19,4096,20572368,514233,2798714744
5,64x64,c,throughput,20,4096,20776889,519346,2798714744
5,64x64,c,throughput,21,4096,20996730,524869,2798714744
5,64x64,c,throughput,22,4096,21277812,531877,2798714744
5,64x64,c,throughput,23,4096,20510527,512729,2798714744
5,64x64,c,throughput,24,4096,20440447,510976,2798714744
5,64x64,c,throughput,25,4096,21589014,539669,2798714744
5,64x64,c,throughput,26,4096,20376606,509369,2798714744
5,64x64,c,throughput,27,4096,20355646,508827,2798714744
5,64x64,c,throughput,28,4096,20160485,503962,2798714744
5,64x64,c,throughput,29,4096,20315246,507818,2798714744
