family,kernel,variant,input_isa,output_isa,mca_fused_uop,mca_total,machine,label,label_type,kernel_metric,bit_exact,report
,best10,iab-100f-920b,mixed,mixed,,,920B,0.4,e2e_100f,,yes,reports/interp8-ir-920b-20260816.txt
bundle,best9,best9,mixed,mixed,,,920B,-2.02,e2e_100f,,yes,docs/59-handoff-20260816.md
bundle,best9,best9,mixed,mixed,,,N1,-1.52,e2e_100f,,yes,docs/59-handoff-20260816.md
bundle,best9,best9-128,mixed,mixed,,,710,-1.53,e2e_100f,,yes,docs/59-handoff-20260816.md
,best9,best9-internal-100f,mixed,mixed,,,920B,-1.8,e2e_100f,,yes,reports/best9-920b-internal-20260816.txt
,best9,best9-internal-30f,mixed,mixed,,,920B,-1.85,e2e_30f,,yes,reports/best9-920b-internal-20260816.txt
bundle,best9,four-arm-100f,mixed,mixed,,,N1,-0.25,e2e_100f,,yes,reports/four-arm-n1-100f-20260816.txt
,best9,iab-100f-920b,mixed,mixed,,,920B,-2.17,e2e_100f,,yes,reports/interp8-ir-920b-20260816.txt
,best9,iab-100f-920b,mixed,mixed,,,920B,-2.32,e2e_100f,,yes,reports/interp8-ir-920b-20260816.txt
,best9,inject-100f-710,mixed,mixed,,,710,-1.43,e2e_100f,,yes,reports/710-dct-ir-additivity-20260816.txt
,best9,inject-100f-710-r2,mixed,mixed,,,710,-1.69,e2e_100f,,yes,reports/710-dct-ir-additivity-20260816.txt
,best9,inject-100f-920b-r3,mixed,mixed,,,920B,-2.46,e2e_100f,,yes,reports/best9-noremain-920b-interleaved-20260817.txt
,best9,inject-100f-n1,mixed,mixed,,,N1,-1.44,e2e_100f,,yes,reports/n1-four-arm-inject-20260816.txt
,best9,interleaved-100f-710,mixed,mixed,,,710,0.09,e2e_100f,,yes,reports/interp8-ir-710-20260816.txt
,best9,ldpreload-100f-710,mixed,mixed,,,710,0.23,e2e_100f,,yes,reports/710-best9-ir-hpp-additivity-20260816.txt
,best9,ldpreload-100f-710-noremain,mixed,mixed,,,710,0.07,e2e_100f,,yes,reports/best9-noremain-710-interleaved-20260817.txt
bundle,best9,three-arm-100f,mixed,mixed,,,710,-0.16,e2e_100f,,yes,reports/710-three-arm-100f-20260816.txt
bundle,best9-ir-dct,four-arm-100f,mixed,mixed,,,N1,-0.1,e2e_100f,,yes,reports/four-arm-n1-100f-20260816.txt
,best9-ir-dct,inject-100f-710,mixed,mixed,,,710,-2.32,e2e_100f,,yes,reports/710-dct-ir-additivity-20260816.txt
,best9-ir-dct,inject-100f-710-r2,mixed,mixed,,,710,-2.39,e2e_100f,,yes,reports/710-dct-ir-additivity-20260816.txt
,best9-ir-dct,inject-100f-n1,mixed,mixed,,,N1,-2.93,e2e_100f,,yes,reports/n1-four-arm-inject-20260816.txt
bundle,best9-ir-dct,three-arm-100f,mixed,mixed,,,710,-0.24,e2e_100f,,yes,reports/710-three-arm-100f-20260816.txt
,best9-ir-hpp,ldpreload-100f-710,mixed,mixed,,,710,0.12,e2e_100f,,yes,reports/710-best9-ir-hpp-additivity-20260816.txt
,best9-noremain,inject-100f-710-freeze,mixed,mixed,,,710,-1.63,e2e_100f,,yes,reports/710-best9-noremain-ir-dct-freeze-20260817.txt
,best9-noremain,inject-100f-710-freeze-r2,mixed,mixed,,,710,-1.42,e2e_100f,,yes,reports/710-best9-noremain-ir-dct-freeze-20260817.txt
,best9-noremain,inject-100f-920b,mixed,mixed,,,920B,-2.2,e2e_100f,,yes,reports/best9-noremain-920b-interleaved-20260817.txt
,best9-noremain,inject-100f-n1-freeze,mixed,mixed,,,N1,-0.12,e2e_100f,,yes,reports/n1-best9-noremain-ir-dct-freeze-20260817.txt
,best9-noremain,inject-100f-n1-freeze-r2,mixed,mixed,,,N1,-1.16,e2e_100f,,yes,reports/n1-best9-noremain-ir-dct-freeze-20260817.txt
,best9-noremain,ldpreload-100f-710,mixed,mixed,,,710,-0.2,e2e_100f,,yes,reports/best9-noremain-710-interleaved-20260817.txt
,best9-noremain-ir-dct,inject-100f-710-freeze,mixed,mixed,,,710,-2.03,e2e_100f,,yes,reports/710-best9-noremain-ir-dct-freeze-20260817.txt
,best9-noremain-ir-dct,inject-100f-710-freeze-r2,mixed,mixed,,,710,-2.36,e2e_100f,,yes,reports/710-best9-noremain-ir-dct-freeze-20260817.txt
,best9-noremain-ir-dct,inject-100f-n1-freeze,mixed,mixed,,,N1,-2.25,e2e_100f,,yes,reports/n1-best9-noremain-ir-dct-freeze-20260817.txt
,best9-noremain-ir-dct,inject-100f-n1-freeze-r2,mixed,mixed,,,N1,-2.14,e2e_100f,,yes,reports/n1-best9-noremain-ir-dct-freeze-20260817.txt
,cost-c1c2-flag,inject-100f-920b,c,neon,,,920B,0.16,e2e_100f,,yes,reports/entropy-ccn-c1c2-920b-interleaved-20260817.txt
entropy,cost-c1c2-flag,round27,c,neon,,,920B,0.998,kernel,replay_ratio,yes,reports/entropy-replay-920b-20260815.txt
,cost-coeff-nxn,inject-100f-920b,c,neon,,,920B,0.09,e2e_100f,,yes,reports/entropy-ccn-c1c2-920b-interleaved-20260817.txt
entropy,cost-coeff-nxn,neon,c,neon,,,920B,-0.1,e2e_30f,replay_ratio,yes,reports/entropy-replay-920b-20260815.txt
entropy,cost-coeff-remain,dfa-table,c,neon,,,920B,-0.25,e2e_30f,replay_ratio,yes,reports/entropy-replay-920b-20260815.txt
,cost-coeff-remain,inject-100f-920b,c,neon,,,920B,0.23,e2e_100f,,yes,reports/entropy-remain-920b-interleaved-20260817.txt
dct,dct16,hand-neon,sve2,neon,1946,,N1,-0.93,e2e_30f,ticks_base_cand,yes,docs/64-sve128-neon-migration-plan-20260816.md
dct,dct16,ir-neon,sve2,neon,1941,,710,-15.4,kernel,ticks_pct,yes,docs/65-ir-granularity-audit-20260816.md
dct,dct16,ir-neon,sve2,neon,1941,,N1,-0.02,e2e_100f,ticks_pct,yes,reports/four-arm-n1-100f-20260816.txt
dct,dct16,op895,sve2,sve2,895,,950,1.2917,kernel,ratio_vs_sve,yes,reports/950-quicktest-4bb48e3-20260816.txt
dct,dct16,op895,sve2,sve2,895,,950,0.875,kernel,ratio_vs_neon,yes,reports/950-quicktest-4bb48e3-20260816.txt
dct,dct32,hand-vl128,sve2,sve2,8421,11041,710,-6.8,kernel,ticks_pct,yes,docs/65-ir-granularity-audit-20260816.md
dct,dct32,ir-fused8,sve2,sve2,8398,11435,710,-13.6,kernel,ticks_pct,yes,docs/65-ir-granularity-audit-20260816.md
dct,dct32,ir-neon,sve2,neon,11910,13658,N1,-6.9,kernel,ticks_pct,yes,docs/65-ir-granularity-audit-20260816.md
dct,dct32,op4032,sve2,sve2,4032,,950,1.7143,kernel,ratio_vs_sve,no (policy),reports/950-quicktest-4bb48e3-20260816.txt
dct,dct32,op4032,sve2,sve2,4032,,950,1.4015,kernel,ratio_vs_neon,no (policy),reports/950-quicktest-4bb48e3-20260816.txt
dct,dct32,opbase,sve2,sve2,8114,,950,1.0,kernel,ratio_vs_sve,yes,reports/950-quicktest-4bb48e3-20260816.txt
dct,dct32,opbase,sve2,sve2,8114,,950,0.8009,kernel,ratio_vs_neon,yes,reports/950-quicktest-4bb48e3-20260816.txt
,dct8+dct16+dct32,op895-opbase,sve2,sve2,,,950,-0.79,e2e_30f,,yes,reports/dct-950-e2e-20260816.txt
,interp8-ir-9shapes,interleaved-100f-710,c/neon,neon,,,710,0.08,e2e_100f,,yes,reports/interp8-ir-710-20260816.txt
,interp8-ir-9shapes,interleaved-100f-920b,c/neon,neon,,,920B,3.08,e2e_100f,,yes,reports/interp8-ir-920b-20260816.txt
,interp8-ir-9shapes,ir-hpp-100f,c/neon,neon,,,920B,-1.55,e2e_100f,,yes,reports/interp8-ir-920b-20260816.txt
,interp8-ir-9shapes,ir-hpp-100f-710,c/neon,neon,,,710,-1.13,e2e_100f,,yes,reports/interp8-ir-710-20260816.txt
,interp8-ir-9shapes,ir-hpp-30f,c/neon,neon,,,920B,-1.5,e2e_30f,,yes,reports/interp8-ir-920b-20260816.txt
,interp8-ir-9shapes,ir-hpp-30f-710,c/neon,neon,,,710,-1.59,e2e_30f,,yes,reports/interp8-ir-710-20260816.txt
bundle,ir-all-7k,ir-all,mixed,mixed,,,N1,-0.48,e2e_30f,,yes,docs/59-handoff-20260816.md
bundle,ir-dct,four-arm-100f,mixed,mixed,,,N1,-0.02,e2e_100f,,yes,reports/four-arm-n1-100f-20260816.txt
,ir-dct,inject-100f-710,mixed,mixed,,,710,-1.15,e2e_100f,,yes,reports/710-dct-ir-additivity-20260816.txt
,ir-dct,inject-100f-710-r2,mixed,mixed,,,710,-1.07,e2e_100f,,yes,reports/710-dct-ir-additivity-20260816.txt
,ir-dct,inject-100f-n1,mixed,mixed,,,N1,-1.4,e2e_100f,,yes,reports/n1-four-arm-inject-20260816.txt
,pure-sve-dct,inject-100f-710,sve2,sve2,,,710,2.63,e2e_100f,,yes,reports/pure-sve-dct-710-20260817.txt
pixel,sa8d-8,sa8d8_A,neon,neon,100,,920B,5069.0,kernel,ticks,yes,reports/ago-m2-expanded-ranking-20260816.txt
pixel,sa8d-8,sa8d8_A,neon,neon,100,,N1,1728.0,kernel,ticks,yes,reports/ago-m2-expanded-ranking-20260816.txt
pixel,sa8d-8,sa8d8_B,neon,neon,101,,920B,5107.0,kernel,ticks,yes,reports/ago-m2-expanded-ranking-20260816.txt
pixel,sa8d-8,sa8d8_B,neon,neon,101,,N1,1733.0,kernel,ticks,yes,reports/ago-m2-expanded-ranking-20260816.txt
pixel,sa8d-8,sa8d8_C,neon,neon,100,,920B,5106.0,kernel,ticks,yes,reports/ago-m2-expanded-ranking-20260816.txt
pixel,sa8d-8,sa8d8_C,neon,neon,100,,N1,1728.0,kernel,ticks,yes,reports/ago-m2-expanded-ranking-20260816.txt
pixel,sa8d16,ir,c/neon,neon,404,485,920B,1.04,kernel,ratio_neon_cand,yes,docs/66-multi-isa-kernels-survey-20260816.md
sao,sao-stats-e0,ir,sve2,sve2,167,184,710,-15.0,kernel,ticks_pct,yes,docs/66-multi-isa-kernels-survey-20260816.md
pixel,satd-16x8,satd16x8_A,neon,neon,150,,920B,6037.0,kernel,ticks,yes,reports/ago-m2-expanded-ranking-20260816.txt
pixel,satd-16x8,satd16x8_A,neon,neon,150,,N1,2266.0,kernel,ticks,yes,reports/ago-m2-expanded-ranking-20260816.txt
pixel,satd-16x8,satd16x8_B,neon,neon,154,,920B,6634.0,kernel,ticks,yes,reports/ago-m2-expanded-ranking-20260816.txt
pixel,satd-16x8,satd16x8_B,neon,neon,154,,N1,2586.0,kernel,ticks,yes,reports/ago-m2-expanded-ranking-20260816.txt
pixel,satd-16x8,satd16x8_C,neon,neon,150,,920B,6105.0,kernel,ticks,yes,reports/ago-m2-expanded-ranking-20260816.txt
pixel,satd-16x8,satd16x8_C,neon,neon,150,,N1,2287.0,kernel,ticks,yes,reports/ago-m2-expanded-ranking-20260816.txt
pixel,satd-8,satd8_A,neon,neon,76,,920B,3634.0,kernel,ticks,yes,reports/ago-m2-expanded-ranking-20260816.txt
pixel,satd-8,satd8_A,neon,neon,76,,N1,1204.0,kernel,ticks,yes,reports/ago-m2-expanded-ranking-20260816.txt
pixel,satd-8,satd8_B,neon,neon,76,,920B,3630.0,kernel,ticks,yes,reports/ago-m2-expanded-ranking-20260816.txt
pixel,satd-8,satd8_B,neon,neon,76,,N1,1204.0,kernel,ticks,yes,reports/ago-m2-expanded-ranking-20260816.txt
pixel,satd-8,satd8_C,neon,neon,76,,920B,3896.0,kernel,ticks,yes,reports/ago-m2-expanded-ranking-20260816.txt
pixel,satd-8,satd8_C,neon,neon,76,,N1,1263.0,kernel,ticks,yes,reports/ago-m2-expanded-ranking-20260816.txt
pixel,satd-8,satd8_D,neon,neon,93,,920B,4758.0,kernel,ticks,yes,reports/ago-m2-expanded-ranking-20260816.txt
pixel,satd-8,satd8_D,neon,neon,93,,N1,1699.0,kernel,ticks,yes,reports/ago-m2-expanded-ranking-20260816.txt
pixel,satd-8,satd8_E,neon,neon,76,,920B,3630.0,kernel,ticks,yes,reports/ago-m2-expanded-ranking-20260816.txt
pixel,satd-8,satd8_E,neon,neon,76,,N1,1203.0,kernel,ticks,yes,reports/ago-m2-expanded-ranking-20260816.txt
pixel,satd-8x16,satd8x16_A,neon,neon,152,,920B,6089.0,kernel,ticks,yes,reports/ago-m2-expanded-ranking-20260816.txt
pixel,satd-8x16,satd8x16_A,neon,neon,152,,N1,2260.0,kernel,ticks,yes,reports/ago-m2-expanded-ranking-20260816.txt
pixel,satd-8x16,satd8x16_B,neon,neon,156,,920B,7930.0,kernel,ticks,yes,reports/ago-m2-expanded-ranking-20260816.txt
pixel,satd-8x16,satd8x16_B,neon,neon,156,,N1,2818.0,kernel,ticks,yes,reports/ago-m2-expanded-ranking-20260816.txt
pixel,satd-8x16,satd8x16_C,neon,neon,152,,920B,6145.0,kernel,ticks,yes,reports/ago-m2-expanded-ranking-20260816.txt
pixel,satd-8x16,satd8x16_C,neon,neon,152,,N1,2254.0,kernel,ticks,yes,reports/ago-m2-expanded-ranking-20260816.txt
pixel,satd-8x4,satd8x4_A,neon,neon,38,,920B,1796.0,kernel,ticks,yes,reports/ago-m2-expanded-ranking-20260816.txt
pixel,satd-8x4,satd8x4_A,neon,neon,38,,N1,675.0,kernel,ticks,yes,reports/ago-m2-expanded-ranking-20260816.txt
pixel,satd-8x4,satd8x4_B,neon,neon,38,,920B,1795.0,kernel,ticks,yes,reports/ago-m2-expanded-ranking-20260816.txt
pixel,satd-8x4,satd8x4_B,neon,neon,38,,N1,675.0,kernel,ticks,yes,reports/ago-m2-expanded-ranking-20260816.txt
pixel,satd-8x4,satd8x4_C,neon,neon,38,,920B,1863.0,kernel,ticks,yes,reports/ago-m2-expanded-ranking-20260816.txt
pixel,satd-8x4,satd8x4_C,neon,neon,38,,N1,668.0,kernel,ticks,yes,reports/ago-m2-expanded-ranking-20260816.txt
,scan-pos-last,inject-100f-920b,neon,neon,,,920B,-1.23,e2e_100f,,yes,reports/entropy-scan-920b-interleaved-20260817.txt
